Method,RMSE
Entropy,0.3222202165310241
WASPAS,0.3061124390496349
PROMETHEE,0.6073456476683949
