Method,Spearman_vs_CSA
Entropy,0.8510421749738584
WASPAS,0.9875426978041127
PROMETHEE,0.9973719065876612
