alternative_id,entropy_weighted_score,entropy_rank,waspas_score,waspas_rank,promethee_score,promethee_rank,entropy_norm,waspas_norm,promethee_norm,csa_score,csa_rank,borda_score,borda_rank,mean_score_score,mean_score_rank
PV-Hjt,0.4990738882213757,2,0.44203985735008755,1,0.3714285714285714,1,0.4988802873420892,1.0,1.0,0.8340447704834191,1,20,1,0.8329600957806965,1
PV-Thf,0.7707532984816551,1,0.3899576210965972,2,0.0857142857142858,3,1.0,0.841084514304773,0.5555555555555558,0.8010081625709788,2,18,2,0.7988800232867762,2
PV-Tpc,0.38537927969748487,3,0.192704037696544,3,0.10000000000000003,2,0.28916763558220077,0.23921617557646646,0.577777777777778,0.36568114031905097,3,16,3,0.3687205296454817,3
PV-Prc,0.3453595406749239,4,0.1726932411222507,4,0.028571428571428525,4,0.21535018986403923,0.17815840068994568,0.4666666666666667,0.2841466769673146,4,12,4,0.2867250857402172,4
PV-Mcs,0.2819020592712157,5,0.14096216992644484,5,-0.08571428571428574,5,0.09830122094675713,0.08133923635589917,0.2888888888888889,0.15434276778955658,5,9,5,0.15617644873051506,5
PV-Pcs,0.228608570589577,7,0.11430441970132836,7,-0.22857142857142862,6,0.0,0.0,0.06666666666666665,0.021645021645021637,6,4,7,0.022222222222222216,6
PV-Bfmc,0.2391907262503596,6,0.11959536791611786,6,-0.27142857142857146,7,0.019519060347459673,0.01614396127787656,0.0,0.012020143022388966,7,5,6,0.011887673875112076,7
