method_name,reliability_weight
Entropy,0.3311688311688311
WASPAS,0.3441558441558441
PROMETHEE,0.3246753246753246
